{
  "mm": {
    "m": 0.001,
    "cm": 0.1,
    "in": 0.0393701,
    "ft": 0.00328084,
    "yd": 0.00109361,
    "km": 0.000001
  },
  "yd": {
    "m": 0.9144,
    "cm": 91.44,
    "in": 36,
    "ft": 3,
    "mm": 914.4,
    "km": 0.0009144
  },
  "km": {
    "m": 1000,
    "cm": 100000,
    "in": 39370.1,
    "ft": 3280.84,
    "mm": 1000000,
    "yd": 1093.61
  }
}
